{
  "model": "bert_crf_predictions_test",
  "task": "ner",
  "n_samples": 46425,
  "accuracy": 0.9812600969305331,
  "ece": 0.015643656844372675,
  "ada_ece": 0.015656056155088874,
  "entity_ece": 0.061603828708842054,
  "per_type_ece": {
    "LOC": {
      "ece": 0.05308406964656977,
      "accuracy": 0.9371101871101871,
      "mean_confidence": 0.9901942567567568,
      "n": 1924
    },
    "MISC": {
      "ece": 0.1562312254901962,
      "accuracy": 0.8224400871459695,
      "mean_confidence": 0.9786713126361656,
      "n": 918
    },
    "ORG": {
      "ece": 0.08610188621794873,
      "accuracy": 0.8974358974358975,
      "mean_confidence": 0.982927516025641,
      "n": 2496
    },
    "PER": {
      "ece": 0.016386491519307107,
      "accuracy": 0.9833994947672321,
      "mean_confidence": 0.9969990508841573,
      "n": 2771
    }
  },
  "brier": {
    "brier": 0.016561268635099904,
    "reliability": 0.0008324891730253674,
    "resolution": 0.002297509639741586,
    "uncertainty": 0.01838871910241392
  },
  "scaling": {
    "temperature": {
      "param": 1.6775296489096116,
      "ece": 0.009077827835329044,
      "reduction_pct": 41.97119045989229
    }
  },
  "temperature": 1.6775296489096116,
  "ece_after_scaling": 0.009077827835329044
}