{
  "model": "crf_predictions_test",
  "task": "ner",
  "n_samples": 46435,
  "accuracy": 0.9616237751695919,
  "ece": 0.010434766124690298,
  "ada_ece": 0.010456146505868373,
  "entity_ece": 0.04336498865877718,
  "per_type_ece": {
    "LOC": {
      "ece": 0.04162755480519486,
      "accuracy": 0.8602597402597403,
      "mean_confidence": 0.8973781012987014,
      "n": 1925
    },
    "MISC": {
      "ece": 0.11442320261437908,
      "accuracy": 0.7668845315904139,
      "mean_confidence": 0.8813077342047931,
      "n": 918
    },
    "ORG": {
      "ece": 0.07471320913461535,
      "accuracy": 0.766426282051282,
      "mean_confidence": 0.8411394911858975,
      "n": 2496
    },
    "PER": {
      "ece": 0.013853977280923222,
      "accuracy": 0.9011900468806346,
      "mean_confidence": 0.8971508377208799,
      "n": 2773
    }
  },
  "brier": {
    "brier": 0.023676374508835727,
    "reliability": 0.0006358236262639623,
    "resolution": 0.01337006943893266,
    "uncertainty": 0.03690349019817411
  },
  "scaling": {
    "temperature": {
      "param": 1.152457589127304,
      "ece": 0.00716716033153734,
      "reduction_pct": 31.314604985935325
    }
  },
  "temperature": 1.152457589127304,
  "ece_after_scaling": 0.00716716033153734
}