{
  "model": "bert_predictions_test",
  "task": "ner",
  "n_samples": 46425,
  "accuracy": 0.9797738287560581,
  "ece": 0.013679986063543351,
  "ada_ece": 0.013831243704900383,
  "entity_ece": 0.056086352447897496,
  "per_type_ece": {
    "LOC": {
      "ece": 0.05075248856548866,
      "accuracy": 0.9287941787941788,
      "mean_confidence": 0.9789216288981288,
      "n": 1924
    },
    "MISC": {
      "ece": 0.15902813507625285,
      "accuracy": 0.7886710239651417,
      "mean_confidence": 0.9476991590413943,
      "n": 918
    },
    "ORG": {
      "ece": 0.06571802323717954,
      "accuracy": 0.9022435897435898,
      "mean_confidence": 0.9679616129807692,
      "n": 2496
    },
    "PER": {
      "ece": 0.017518874774449786,
      "accuracy": 0.975821003247925,
      "mean_confidence": 0.9932656095272466,
      "n": 2771
    }
  },
  "brier": {
    "brier": 0.01597100767480506,
    "reliability": 0.0009426365375583569,
    "resolution": 0.004376101935526528,
    "uncertainty": 0.01981707324075262
  },
  "scaling": {
    "temperature": {
      "param": 1.3174880376789542,
      "ece": 0.0096280611433269,
      "reduction_pct": 29.619364386742177
    }
  },
  "temperature": 1.3174880376789542,
  "ece_after_scaling": 0.0096280611433269
}